rfm_segment,customer_count,customer_percent
Hibernating,1510,25.69
Champions,1297,22.07
Potential Loyalists,692,11.77
Loyal Customers,650,11.06
Needs Attention,596,10.14
At Risk,378,6.43
Low Value,295,5.02
Cannot Lose,223,3.79
New Customers,167,2.84
Big Spenders,70,1.19
